{
  "definitions": {
    "City": {
      "kind": "entity",
      "@EndUserText.label": "City",
      "@DataWarehouse.businessDefinition.description": "This is the table for the City",
      "@DataWarehouse.businessDefinition.tags": [
        {
          "key": "city",
          "text": "city"
        },
        {
          "key": "geo",
          "text": "geo"
        },
        {
          "key": "longitude",
          "text": "longitude"
        },
        {
          "key": "latitude",
          "text": "latitude"
        },
        {
          "key": "location",
          "text": "location"
        },
        {
          "key": "country",
          "text": "country"
        },
        {
          "key": "region",
          "text": "region"
        }
      ],
      "@Analytics.dataCategory": {
        "#": "DIMENSION"
      },
      "elements": {
        "City_ID": {
          "@EndUserText.label": "City ID",
          "type": "cds.String",
          "length": 10,
          "key": true,
          "notNull": true,
          "@ObjectModel.text.element": {
            "=": "City_Name"
          }
        },
        "City_Name": {
          "@EndUserText.label": "City Name",
          "type": "cds.String",
          "length": 30,
          "@Semantics.text": true
        },
        "Country": {
          "@EndUserText.label": "Country",
          "type": "cds.String",
          "length": 30,
          "@Semantics.geoLocation.normalizedName": true
        },
        "Country_ISO2": {
          "@EndUserText.label": "Country ISO2",
          "type": "cds.String",
          "length": 2
        },
        "Country_ISO3": {
          "@EndUserText.label": "Country ISO3",
          "type": "cds.String",
          "length": 3
        },
        "Latitude": {
          "@EndUserText.label": "Latitude",
          "precision": 12,
          "scale": 8,
          "type": "cds.Decimal",
          "@Semantics.geoLocation.latitude": true
        },
        "Longitude": {
          "@EndUserText.label": "Longitude",
          "precision": 12,
          "scale": 8,
          "type": "cds.Decimal",
          "@Semantics.geoLocation.longitude": true
        },
        "State": {
          "@EndUserText.label": "State",
          "type": "cds.String",
          "length": 30,
          "@Semantics.geoLocation.normalizedName": true
        },
        "Region": {
          "@EndUserText.label": "Region",
          "type": "cds.String",
          "length": 30,
          "@Semantics.geoLocation.normalizedName": true
        },
        "Market": {
          "@EndUserText.label": "Market",
          "type": "cds.String",
          "length": 30
        }
      }
    }
  },
  "version": {
    "csn": "1.0"
  },
  "meta": {
    "creator": "CDS Compiler v1.19.2"
  },
  "$version": "1.0"
}