{
  "definitions": {
    "Customer": {
      "kind": "entity",
      "@EndUserText.label": "Customer",
      "@DataWarehouse.businessDefinition.description": "This is the table for the Customer",
      "@DataWarehouse.businessDefinition.tags": [
        {
          "key": "customer",
          "text": "customer"
        }
      ],
      "@Analytics.dataCategory": {
        "#": "DIMENSION"
      },
      "elements": {
        "Customer_ID": {
          "@EndUserText.label": "Customer ID",
          "type": "cds.String",
          "length": 20,
          "key": true,
          "notNull": true,
          "@ObjectModel.text.element": {
            "=": "Customer_Name"
          }
        },
        "Customer_Name": {
          "@EndUserText.label": "Customer Name",
          "type": "cds.String",
          "length": 30,
          "@Semantics.text": true
        },
        "City_ID": {
          "@EndUserText.label": "City ID",
          "type": "cds.String",
          "length": 10
        },
        "Sales_Person_ID": {
          "@EndUserText.label": "Sales Person ID",
          "type": "cds.String",
          "length": 10
        }
      }
    }
  },
  "version": {
    "csn": "1.0"
  },
  "meta": {
    "creator": "CDS Compiler v1.19.2"
  },
  "$version": "1.0"
}