{
  "definitions": {
    "Sales_Order_Headers": {
      "kind": "entity",
      "@EndUserText.label": "Sales Order Headers",
      "@DataWarehouse.businessDefinition.description": "This is the table for the Sales Order Headers",
      "@DataWarehouse.businessDefinition.tags": [
        {
          "key": "sales orders",
          "text": "sales orders"
        },
        {
          "key": "revenue",
          "text": "revenue"
        },
        {
          "key": "sales headers",
          "text": "sales headers"
        },
        {
          "key": "orders",
          "text": "orders"
        }
      ],
      "@Analytics.dataCategory": {
        "#": "DataSet"
      },
      "elements": {
        "Sales_Order_Number": {
          "@EndUserText.label": "Sales Order Number",
          "type": "cds.Integer64",
          "key": true,
          "notNull": true
        },
        "Customer_ID": {
          "@EndUserText.label": "Customer ID",
          "type": "cds.String",
          "length": 20
        },
        "Order_Date": {
          "@EndUserText.label": "Order Date",
          "type": "cds.Date"
        },
        "Delivery_Date": {
          "@EndUserText.label": "Delivery Date",
          "type": "cds.Date"
        },
        "Discount": {
          "@EndUserText.label": "Discount",
          "precision": 4,
          "scale": 2,
          "type": "cds.Decimal"
        },
        "_Sales_Order_Details": {
          "type": "cds.Association",
          "@EndUserText.label": "Sales Order Headers to Sales Order Details1",
          "on": [
            {
              "ref": [
                "Sales_Order_Number"
              ]
            },
            "=",
            {
              "ref": [
                "_Sales_Order_Details",
                "Sales_Order_Number"
              ]
            }
          ],
          "target": "Sales_Order_Details"
        },
        "_Customer": {
          "type": "cds.Association",
          "@EndUserText.label": "Sales Order Headers to Customer1",
          "on": [
            {
              "ref": [
                "Customer_ID"
              ]
            },
            "=",
            {
              "ref": [
                "_Customer",
                "Customer_ID"
              ]
            }
          ],
          "target": "Customer"
        }
      }
    },
    "Sales_Order_Details": {
      "kind": "entity",
      "@EndUserText.label": "Sales Order Details",
      "@DataWarehouse.businessDefinition.description": "This is the table for the Sales Order Details",
      "@DataWarehouse.businessDefinition.tags": [
        {
          "key": "sales orders",
          "text": "sales orders"
        },
        {
          "key": "revenue",
          "text": "revenue"
        },
        {
          "key": "sales details",
          "text": "sales details"
        },
        {
          "key": "orders",
          "text": "orders"
        }
      ],
      "@Analytics.dataCategory": {
        "#": "DataSet"
      },
      "elements": {
        "Sales_Order_Number": {
          "@EndUserText.label": "Sales Order Number",
          "type": "cds.Integer64",
          "key": true,
          "notNull": true
        },
        "Sales_Order_Line_Number": {
          "@EndUserText.label": "Sales Order Line Number",
          "type": "cds.Integer64",
          "key": true,
          "notNull": true
        },
        "Product_ID": {
          "@EndUserText.label": "Product ID",
          "type": "cds.String",
          "length": 10
        },
        "Order_Quantity": {
          "@EndUserText.label": "Order Quantity",
          "type": "cds.Integer64"
        },
        "Unit_Price": {
          "@EndUserText.label": "Unit Price",
          "precision": 6,
          "scale": 2,
          "type": "cds.Decimal"
        },
        "Currency": {
          "@EndUserText.label": "Currency",
          "type": "cds.String",
          "length": 3
        },
        "_Product": {
          "type": "cds.Association",
          "@EndUserText.label": "Sales Order Details to Product1",
          "on": [
            {
              "ref": [
                "Product_ID"
              ]
            },
            "=",
            {
              "ref": [
                "_Product",
                "Product_ID"
              ]
            }
          ],
          "target": "Product"
        }
      }
    },
    "Product": {
      "kind": "entity",
      "@EndUserText.label": "Product",
      "@DataWarehouse.businessDefinition.description": "This is the table for the Product Dimension",
      "@DataWarehouse.businessDefinition.tags": [
        {
          "key": "product",
          "text": "product"
        },
        {
          "key": "product list price",
          "text": "product list price"
        },
        {
          "key": "product cost",
          "text": "product cost"
        }
      ],
      "@Analytics.dataCategory": {
        "#": "DIMENSION"
      },
      "elements": {
        "Product_ID": {
          "@EndUserText.label": "Product ID",
          "type": "cds.String",
          "length": 10,
          "key": true,
          "notNull": true,
          "@ObjectModel.text.element": {
            "=": "Product_Description_Short"
          }
        },
        "Product_Description_Short": {
          "@EndUserText.label": "Product Description (Short)",
          "type": "cds.String",
          "length": 20,
          "@Semantics.text": true
        },
        "Product_Description_Medium": {
          "@EndUserText.label": "Product Description (Medium)",
          "type": "cds.String",
          "length": 40,
          "@Semantics.text": true
        },
        "Product_Description_Long": {
          "@EndUserText.label": "Product Description (Long)",
          "type": "cds.String",
          "length": 60,
          "@Semantics.text": true
        },
        "Product_Sub_Category_ID": {
          "@EndUserText.label": "Product Sub Category ID",
          "type": "cds.String",
          "length": 20
        },
        "Product_List_Price": {
          "@EndUserText.label": "Product List Price",
          "precision": 5,
          "scale": 2,
          "type": "cds.Decimal"
        },
        "Product_Cost": {
          "@EndUserText.label": "Product Cost",
          "precision": 5,
          "scale": 2,
          "type": "cds.Decimal"
        },
        "_Product_Sub_Category": {
          "type": "cds.Association",
          "@EndUserText.label": "Product to Product Sub Category1",
          "on": [
            {
              "ref": [
                "Product_Sub_Category_ID"
              ]
            },
            "=",
            {
              "ref": [
                "_Product_Sub_Category",
                "Product_Sub_Category_ID"
              ]
            }
          ],
          "target": "Product_Sub_Category"
        }
      }
    },
    "Product_Sub_Category": {
      "kind": "entity",
      "@EndUserText.label": "Product Sub Category",
      "@DataWarehouse.businessDefinition.description": "This is the table for the Product Sub Category",
      "@DataWarehouse.businessDefinition.tags": [
        {
          "key": "product sub category",
          "text": "product sub category"
        }
      ],
      "@Analytics.dataCategory": {
        "#": "DIMENSION"
      },
      "elements": {
        "Product_Sub_Category_ID": {
          "@EndUserText.label": "Product Sub Category ID",
          "type": "cds.String",
          "length": 20,
          "key": true,
          "notNull": true,
          "@ObjectModel.text.element": {
            "=": "Product_Sub_Category_Desc"
          }
        },
        "Product_Sub_Category_Desc": {
          "@EndUserText.label": "Product Sub Category Desc",
          "type": "cds.String",
          "length": 30,
          "@Semantics.text": true
        },
        "Product_Category_ID": {
          "@EndUserText.label": "Product Category ID",
          "type": "cds.String",
          "length": 20
        },
        "_Product_Category": {
          "type": "cds.Association",
          "@EndUserText.label": "Product Sub Category to Product Category1",
          "on": [
            {
              "ref": [
                "Product_Category_ID"
              ]
            },
            "=",
            {
              "ref": [
                "_Product_Category",
                "Product_Category_ID"
              ]
            }
          ],
          "target": "Product_Category"
        }
      }
    },
    "Product_Category": {
      "kind": "entity",
      "@EndUserText.label": "Product Category",
      "@DataWarehouse.businessDefinition.description": "This is the table for the Product Category",
      "@DataWarehouse.businessDefinition.tags": [
        {
          "key": "product category",
          "text": "product category"
        }
      ],
      "@Analytics.dataCategory": {
        "#": "DIMENSION"
      },
      "elements": {
        "Product_Category_ID": {
          "@EndUserText.label": "Product Category ID",
          "type": "cds.String",
          "length": 20,
          "key": true,
          "notNull": true,
          "@ObjectModel.text.element": {
            "=": "Product_Category_Description"
          }
        },
        "Product_Category_Description": {
          "@EndUserText.label": "Product Category Description",
          "type": "cds.String",
          "length": 30,
          "@Semantics.text": true
        }
      }
    },
    "Customer": {
      "kind": "entity",
      "@EndUserText.label": "Customer",
      "@DataWarehouse.businessDefinition.description": "This is the table for the Customer",
      "@DataWarehouse.businessDefinition.tags": [
        {
          "key": "customer",
          "text": "customer"
        }
      ],
      "@Analytics.dataCategory": {
        "#": "DIMENSION"
      },
      "elements": {
        "Customer_ID": {
          "@EndUserText.label": "Customer ID",
          "type": "cds.String",
          "length": 20,
          "key": true,
          "notNull": true,
          "@ObjectModel.text.element": {
            "=": "Customer_Name"
          }
        },
        "Customer_Name": {
          "@EndUserText.label": "Customer Name",
          "type": "cds.String",
          "length": 30,
          "@Semantics.text": true
        },
        "City_ID": {
          "@EndUserText.label": "City ID",
          "type": "cds.String",
          "length": 10
        },
        "Sales_Person_ID": {
          "@EndUserText.label": "Sales Person ID",
          "type": "cds.String",
          "length": 10
        },
        "_Sales_Person": {
          "type": "cds.Association",
          "@EndUserText.label": "Customer to Sales Person1",
          "on": [
            {
              "ref": [
                "Sales_Person_ID"
              ]
            },
            "=",
            {
              "ref": [
                "_Sales_Person",
                "Sales_Person_ID"
              ]
            }
          ],
          "target": "Sales_Person"
        },
        "_City": {
          "type": "cds.Association",
          "@EndUserText.label": "Customer to City1",
          "on": [
            {
              "ref": [
                "City_ID"
              ]
            },
            "=",
            {
              "ref": [
                "_City",
                "City_ID"
              ]
            }
          ],
          "target": "City"
        }
      }
    },
    "Sales_Person": {
      "kind": "entity",
      "@EndUserText.label": "Sales Person",
      "@DataWarehouse.businessDefinition.description": "This is the table for the Sales Person",
      "@DataWarehouse.businessDefinition.tags": [
        {
          "key": "sales person",
          "text": "sales person"
        },
        {
          "key": "sales manager",
          "text": "sales manager"
        }
      ],
      "@Analytics.dataCategory": {
        "#": "DIMENSION"
      },
      "elements": {
        "Sales_Person_ID": {
          "@EndUserText.label": "Sales Person ID",
          "type": "cds.String",
          "length": 10,
          "key": true,
          "notNull": true,
          "@ObjectModel.text.element": {
            "=": "Sales_Person_Name"
          }
        },
        "Sales_Person_Name": {
          "@EndUserText.label": "Sales Person Name",
          "type": "cds.String",
          "length": 30,
          "@Semantics.text": true
        },
        "Sales_Manager": {
          "@EndUserText.label": "Sales Manager",
          "type": "cds.String",
          "length": 10
        }
      }
    },
    "City": {
      "kind": "entity",
      "@EndUserText.label": "City",
      "@DataWarehouse.businessDefinition.description": "This is the table for the City",
      "@DataWarehouse.businessDefinition.tags": [
        {
          "key": "city",
          "text": "city"
        },
        {
          "key": "geo",
          "text": "geo"
        },
        {
          "key": "longitude",
          "text": "longitude"
        },
        {
          "key": "latitude",
          "text": "latitude"
        },
        {
          "key": "location",
          "text": "location"
        },
        {
          "key": "country",
          "text": "country"
        },
        {
          "key": "region",
          "text": "region"
        }
      ],
      "@Analytics.dataCategory": {
        "#": "DIMENSION"
      },
      "elements": {
        "City_ID": {
          "@EndUserText.label": "City ID",
          "type": "cds.String",
          "length": 10,
          "key": true,
          "notNull": true,
          "@ObjectModel.text.element": {
            "=": "City_Name"
          }
        },
        "City_Name": {
          "@EndUserText.label": "City Name",
          "type": "cds.String",
          "length": 30,
          "@Semantics.text": true
        },
        "Country": {
          "@EndUserText.label": "Country",
          "type": "cds.String",
          "length": 30,
          "@Semantics.geoLocation.normalizedName": true
        },
        "Country_ISO2": {
          "@EndUserText.label": "Country ISO2",
          "type": "cds.String",
          "length": 2
        },
        "Country_ISO3": {
          "@EndUserText.label": "Country ISO3",
          "type": "cds.String",
          "length": 3
        },
        "Latitude": {
          "@EndUserText.label": "Latitude",
          "precision": 12,
          "scale": 8,
          "type": "cds.Decimal",
          "@Semantics.geoLocation.latitude": true
        },
        "Longitude": {
          "@EndUserText.label": "Longitude",
          "precision": 12,
          "scale": 8,
          "type": "cds.Decimal",
          "@Semantics.geoLocation.longitude": true
        },
        "State": {
          "@EndUserText.label": "State",
          "type": "cds.String",
          "length": 30,
          "@Semantics.geoLocation.normalizedName": true
        },
        "Region": {
          "@EndUserText.label": "Region",
          "type": "cds.String",
          "length": 30,
          "@Semantics.geoLocation.normalizedName": true
        },
        "Market": {
          "@EndUserText.label": "Market",
          "type": "cds.String",
          "length": 30
        }
      }
    }
  },
  "version": {
    "csn": "1.0"
  },
  "meta": {
    "creator": "ER Modeler",
    "kind": "sap.dwc.ermodel",
    "label": "UserXX Entity Model"
  },
  "$version": "1.0"
}