{
  "definitions": {
    "Product_Sub_Category": {
      "kind": "entity",
      "@EndUserText.label": "Product Sub Category",
      "@DataWarehouse.businessDefinition.description": "This is the table for the Product Sub Category",
      "@DataWarehouse.businessDefinition.tags": [
        {
          "key": "product sub category",
          "text": "product sub category"
        }
      ],
      "@Analytics.dataCategory": {
        "#": "DIMENSION"
      },
      "elements": {
        "Product_Sub_Category_ID": {
          "@EndUserText.label": "Product Sub Category ID",
          "type": "cds.String",
          "length": 20,
          "key": true,
          "notNull": true,
          "@ObjectModel.text.element": {
            "=": "Product_Sub_Category_Desc"
          }
        },
        "Product_Sub_Category_Desc": {
          "@EndUserText.label": "Product Sub Category Desc",
          "type": "cds.String",
          "length": 30,
          "@Semantics.text": true
        },
        "Product_Category_ID": {
          "@EndUserText.label": "Product Category ID",
          "type": "cds.String",
          "length": 20
        }
      }
    }
  },
  "version": {
    "csn": "1.0"
  },
  "meta": {
    "creator": "CDS Compiler v1.19.2"
  },
  "$version": "1.0"
}