{
  "definitions": {
    "Product_Category": {
      "kind": "entity",
      "@EndUserText.label": "Product Category",
      "@DataWarehouse.businessDefinition.description": "This is the table for the Product Category",
      "@DataWarehouse.businessDefinition.tags": [
        {
          "key": "product category",
          "text": "product category"
        }
      ],
      "@Analytics.dataCategory": {
        "#": "DIMENSION"
      },
      "elements": {
        "Product_Category_ID": {
          "@EndUserText.label": "Product Category ID",
          "type": "cds.String",
          "length": 20,
          "key": true,
          "notNull": true,
          "@ObjectModel.text.element": {
            "=": "Product_Category_Description"
          }
        },
        "Product_Category_Description": {
          "@EndUserText.label": "Product Category Description",
          "type": "cds.String",
          "length": 30,
          "@Semantics.text": true
        }
      }
    }
  },
  "version": {
    "csn": "1.0"
  },
  "meta": {
    "creator": "CDS Compiler v1.19.2"
  },
  "$version": "1.0"
}