{
  "definitions": {
    "Product": {
      "kind": "entity",
      "@EndUserText.label": "Product",
      "@DataWarehouse.businessDefinition.description": "This is the table for the Product Dimension",
      "@DataWarehouse.businessDefinition.tags": [
        {
          "key": "product",
          "text": "product"
        },
        {
          "key": "product list price",
          "text": "product list price"
        },
        {
          "key": "product cost",
          "text": "product cost"
        }
      ],
      "@Analytics.dataCategory": {
        "#": "DIMENSION"
      },
      "elements": {
        "Product_ID": {
          "@EndUserText.label": "Product ID",
          "type": "cds.String",
          "length": 10,
          "key": true,
          "notNull": true,
          "@ObjectModel.text.element": {
            "=": "Product_Description_Short"
          }
        },
        "Product_Description_Short": {
          "@EndUserText.label": "Product Description (Short)",
          "type": "cds.String",
          "length": 20,
          "@Semantics.text": true
        },
        "Product_Description_Medium": {
          "@EndUserText.label": "Product Description (Medium)",
          "type": "cds.String",
          "length": 40,
          "@Semantics.text": true
        },
        "Product_Description_Long": {
          "@EndUserText.label": "Product Description (Long)",
          "type": "cds.String",
          "length": 60,
          "@Semantics.text": true
        },
        "Product_Sub_Category_ID": {
          "@EndUserText.label": "Product Sub Category ID",
          "type": "cds.String",
          "length": 20
        },
        "Product_List_Price": {
          "@EndUserText.label": "Product List Price",
          "precision": 5,
          "scale": 2,
          "type": "cds.Decimal"
        },
        "Product_Cost": {
          "@EndUserText.label": "Product Cost",
          "precision": 5,
          "scale": 2,
          "type": "cds.Decimal"
        }
      }
    }
  },
  "version": {
    "csn": "1.0"
  },
  "meta": {
    "creator": "CDS Compiler v1.19.2"
  },
  "$version": "1.0"
}