{
  "definitions": {
    "Sales_Order_Headers": {
      "kind": "entity",
      "@EndUserText.label": "Sales Order Headers",
      "@DataWarehouse.businessDefinition.description": "This is the table for the Sales Order Headers",
      "@DataWarehouse.businessDefinition.tags": [
        {
          "key": "sales orders",
          "text": "sales orders"
        },
        {
          "key": "revenue",
          "text": "revenue"
        },
        {
          "key": "sales headers",
          "text": "sales headers"
        },
        {
          "key": "orders",
          "text": "orders"
        }
      ],
      "@Analytics.dataCategory": {
        "#": "DataSet"
      },
      "elements": {
        "Sales_Order_Number": {
          "@EndUserText.label": "Sales Order Number",
          "type": "cds.Integer64",
          "key": true,
          "notNull": true
        },
        "Customer_ID": {
          "@EndUserText.label": "Customer ID",
          "type": "cds.String",
          "length": 20
        },
        "Order_Date": {
          "@EndUserText.label": "Order Date",
          "type": "cds.Date"
        },
        "Delivery_Date": {
          "@EndUserText.label": "Delivery Date",
          "type": "cds.Date"
        },
        "Discount": {
          "@EndUserText.label": "Discount",
          "precision": 4,
          "scale": 2,
          "type": "cds.Decimal"
        }
      }
    }
  },
  "version": {
    "csn": "1.0"
  },
  "meta": {
    "creator": "CDS Compiler v1.19.2"
  },
  "$version": "1.0"
}