{
  "definitions": {
    "Sales_Person": {
      "kind": "entity",
      "@EndUserText.label": "Sales Person",
      "@DataWarehouse.businessDefinition.description": "This is the table for the Sales Person",
      "@DataWarehouse.businessDefinition.tags": [
        {
          "key": "sales person",
          "text": "sales person"
        },
        {
          "key": "sales manager",
          "text": "sales manager"
        }
      ],
      "@Analytics.dataCategory": {
        "#": "DIMENSION"
      },
      "elements": {
        "Sales_Person_ID": {
          "@EndUserText.label": "Sales Person ID",
          "type": "cds.String",
          "length": 10,
          "key": true,
          "notNull": true,
          "@ObjectModel.text.element": {
            "=": "Sales_Person_Name"
          }
        },
        "Sales_Person_Name": {
          "@EndUserText.label": "Sales Person Name",
          "type": "cds.String",
          "length": 30,
          "@Semantics.text": true
        },
        "Sales_Manager": {
          "@EndUserText.label": "Sales Manager",
          "type": "cds.String",
          "length": 10
        }
      }
    }
  },
  "version": {
    "csn": "1.0"
  },
  "meta": {
    "creator": "CDS Compiler v1.19.2"
  },
  "$version": "1.0"
}