{
  "definitions": {
    "Sales_Order_Details": {
      "kind": "entity",
      "@EndUserText.label": "Sales Order Details",
      "@DataWarehouse.businessDefinition.description": "This is the table for the Sales Order Details",
      "@DataWarehouse.businessDefinition.tags": [
        {
          "key": "sales orders",
          "text": "sales orders"
        },
        {
          "key": "revenue",
          "text": "revenue"
        },
        {
          "key": "sales details",
          "text": "sales details"
        },
        {
          "key": "orders",
          "text": "orders"
        }
      ],
      "@Analytics.dataCategory": {
        "#": "DataSet"
      },
      "elements": {
        "Sales_Order_Number": {
          "@EndUserText.label": "Sales Order Number",
          "type": "cds.Integer64",
          "key": true,
          "notNull": true
        },
        "Sales_Order_Line_Number": {
          "@EndUserText.label": "Sales Order Line Number",
          "type": "cds.Integer64",
          "key": true,
          "notNull": true
        },
        "Product_ID": {
          "@EndUserText.label": "Product ID",
          "type": "cds.String",
          "length": 10
        },
        "Order_Quantity": {
          "@EndUserText.label": "Order Quantity",
          "type": "cds.Integer64"
        },
        "Unit_Price": {
          "@EndUserText.label": "Unit Price",
          "precision": 6,
          "scale": 2,
          "type": "cds.Decimal"
        },
        "Currency": {
          "@EndUserText.label": "Currency",
          "type": "cds.String",
          "length": 3
        }
      }
    }
  },
  "version": {
    "csn": "1.0"
  },
  "meta": {
    "creator": "CDS Compiler v1.19.2"
  },
  "$version": "1.0"
}