City_ID,City_Name,Country,Country_ISO2,Country_ISO3,Latitude,Longitude,State,Region,Market
CITY014,Ottawa,Canada,CA,CAN,45.4167,-75.7,Ontario,Canada,North America
CITY002,Mexico City,Mexico,MX,MEX,19.4424,-99.131,Distrito Federal,Central America,North America
CITY001,Tokyo,Japan,JP,JPN,35.685,139.7514,Tokyo,Eastern Asia,Asia Pacific
CITY005,Washington,United States,US,USA,38.9047,-77.0163,District of Columbia,United States,North America
CITY011,Rabat,Morocco,MA,MAR,34.0253,-6.8361,Rabat-Sale-Zemmour-Zaer,North Africa,Africa
CITY004,London,United Kingdom,GB,GBR,51.5,-0.1167,England,Northern Europe,Europe
CITY015,Copenhagen,Denmark,DK,DNK,55.6786,12.5635,Hovedstaden,Northern Europe,Europe
CITY017,Oslo,Norway,NO,NOR,59.9167,10.75,Oslo,Northern Europe,Europe
CITY019,Canberra,Australia,AU,AUS,-35.283,149.129,Australian Capital Territory,Oceania,Asia Pacific
CITY018,Bloemfontein,South Africa,ZA,ZAF,-29.12,26.2299,Free State,South Africa,Africa
CITY006,Singapore,Singapore,SG,SGP,1.293,103.8558,Singapore,Southeastern Asia,Asia Pacific
CITY008,Cape Town,South Africa,ZA,ZAF,-33.92,18.435,Western Cape,Southern Africa,Africa
CITY013,Pretoria,South Africa,ZA,ZAF,-25.7069,28.2294,Gauteng,Southern Africa,Africa
CITY009,Lisbon,Portugal,PT,PRT,38.7227,-9.1449,Lisboa,Southern Europe,Europe
CITY003,Paris,France,FR,FRA,48.8667,2.3333,Ile-de-France,Western Europe,Europe
CITY007,Berlin,Germany,DE,DEU,52.5218,13.4015,Berlin,Western Europe,Europe
CITY010,Vienna,Austria,AT,AUT,48.2,16.3666,Vienna,Western Europe,Europe
CITY012,The Hague,Netherlands,NL,NLD,52.08,4.27,South Holland,Western Europe,Europe
CITY016,Amsterdam,Netherlands,NL,NLD,52.35,4.9166,North Holland,Western Europe,Europe
CITY020,Bern,Switzerland,CH,CHE,46.9167,7.467,Bern,Western Europe,Europe
