Customer_ID,Customer_Name,City_ID,Sales_Person_ID
CUSTOMER001,Customer Name 001,CITY014,SALES001
CUSTOMER002,Customer Name 002,CITY002,SALES002
CUSTOMER003,Customer Name 003,CITY001,SALES003
CUSTOMER004,Customer Name 004,CITY005,SALES004
CUSTOMER005,Customer Name 005,CITY011,SALES005
CUSTOMER006,Customer Name 006,CITY004,SALES006
CUSTOMER007,Customer Name 007,CITY015,SALES007
CUSTOMER008,Customer Name 008,CITY017,SALES008
CUSTOMER009,Customer Name 009,CITY019,SALES009
CUSTOMER010,Customer Name 010,CITY018,SALES010
CUSTOMER011,Customer Name 011,CITY006,SALES001
CUSTOMER012,Customer Name 012,CITY008,SALES002
CUSTOMER013,Customer Name 013,CITY013,SALES003
CUSTOMER014,Customer Name 014,CITY009,SALES004
CUSTOMER015,Customer Name 015,CITY003,SALES005
CUSTOMER016,Customer Name 016,CITY007,SALES006
CUSTOMER017,Customer Name 017,CITY010,SALES007
CUSTOMER018,Customer Name 018,CITY012,SALES008
CUSTOMER019,Customer Name 019,CITY016,SALES009
CUSTOMER020,Customer Name 020,CITY020,SALES010
CUSTOMER021,Customer Name 021,CITY014,SALES001
CUSTOMER022,Customer Name 022,CITY002,SALES002
CUSTOMER023,Customer Name 023,CITY001,SALES003
CUSTOMER024,Customer Name 024,CITY005,SALES004
CUSTOMER025,Customer Name 025,CITY011,SALES005
CUSTOMER026,Customer Name 026,CITY004,SALES006
CUSTOMER027,Customer Name 027,CITY015,SALES007
CUSTOMER028,Customer Name 028,CITY017,SALES008
CUSTOMER029,Customer Name 029,CITY019,SALES009
CUSTOMER030,Customer Name 030,CITY018,SALES010
CUSTOMER031,Customer Name 031,CITY006,SALES001
CUSTOMER032,Customer Name 032,CITY008,SALES002
CUSTOMER033,Customer Name 033,CITY013,SALES003
CUSTOMER034,Customer Name 034,CITY009,SALES004
CUSTOMER035,Customer Name 035,CITY003,SALES005
CUSTOMER036,Customer Name 036,CITY007,SALES006
CUSTOMER037,Customer Name 037,CITY010,SALES007
CUSTOMER038,Customer Name 038,CITY012,SALES008
CUSTOMER039,Customer Name 039,CITY016,SALES009
CUSTOMER040,Customer Name 040,CITY020,SALES010
CUSTOMER041,Customer Name 041,CITY014,SALES001
CUSTOMER042,Customer Name 042,CITY002,SALES002
CUSTOMER043,Customer Name 043,CITY001,SALES003
CUSTOMER044,Customer Name 044,CITY005,SALES004
CUSTOMER045,Customer Name 045,CITY011,SALES005
CUSTOMER046,Customer Name 046,CITY004,SALES006
CUSTOMER047,Customer Name 047,CITY015,SALES007
CUSTOMER048,Customer Name 048,CITY017,SALES008
CUSTOMER049,Customer Name 049,CITY019,SALES009
CUSTOMER050,Customer Name 050,CITY018,SALES010
CUSTOMER051,Customer Name 051,CITY006,SALES001
CUSTOMER052,Customer Name 052,CITY008,SALES002
CUSTOMER053,Customer Name 053,CITY013,SALES003
CUSTOMER054,Customer Name 054,CITY009,SALES004
CUSTOMER055,Customer Name 055,CITY003,SALES005
CUSTOMER056,Customer Name 056,CITY007,SALES006
CUSTOMER057,Customer Name 057,CITY010,SALES007
CUSTOMER058,Customer Name 058,CITY012,SALES008
CUSTOMER059,Customer Name 059,CITY016,SALES009
CUSTOMER060,Customer Name 060,CITY020,SALES010
