Product_Sub_Category_ID,Product_Category_ID,Product_Sub_Category_Desc
SUBCATEGORY001,PRODUCTCATEGORY01,Product Sub-Category 01
SUBCATEGORY002,PRODUCTCATEGORY01,Product Sub-Category 02
SUBCATEGORY003,PRODUCTCATEGORY02,Product Sub-Category 03
SUBCATEGORY004,PRODUCTCATEGORY02,Product Sub-Category 04
SUBCATEGORY005,PRODUCTCATEGORY03,Product Sub-Category 05
SUBCATEGORY006,PRODUCTCATEGORY03,Product Sub-Category 06
SUBCATEGORY007,PRODUCTCATEGORY04,Product Sub-Category 07
SUBCATEGORY008,PRODUCTCATEGORY04,Product Sub-Category 08
SUBCATEGORY009,PRODUCTCATEGORY05,Product Sub-Category 09
SUBCATEGORY010,PRODUCTCATEGORY05,Product Sub-Category 10
