Product ID,Product_Cost_2020
PRODUCT001,7.1262
PRODUCT002,3.839
PRODUCT003,20.808
PRODUCT004,17.4862
PRODUCT005,6.622
PRODUCT006,12.213
PRODUCT007,3.377
PRODUCT008,4.8678
PRODUCT009,17.856
PRODUCT010,3.3516
PRODUCT011,11.1986
PRODUCT012,19.4582
PRODUCT013,5.7387
PRODUCT014,3.7996
PRODUCT015,11.3275
PRODUCT016,3.625
PRODUCT017,2.1658
PRODUCT018,5.4988
PRODUCT019,10.15
PRODUCT020,1.788
PRODUCT021,8.3955
PRODUCT022,3.3915
PRODUCT023,4.6505
PRODUCT024,1.2285
PRODUCT025,3.7584
PRODUCT026,5.2785
PRODUCT027,4.615
PRODUCT028,7.6125
PRODUCT029,1.441
PRODUCT030,5.7024
PRODUCT031,3.1616
PRODUCT032,1.9844
PRODUCT033,3.0576
