Product_ID,Product_Sub_Category_ID,Product_Description_Short,Product_Description_Medium,Product_Description_Long,Product_List_Price,Product_Cost
PRODUCT001,SUBCATEGORY001,Product 001,Product 001 MEDIUM,Product 001 LONG DESCRIPTION,13.09,6.42
PRODUCT002,SUBCATEGORY001,Product 002,Product 002 MEDIUM,Product 002 LONG DESCRIPTION,13.97,3.49
PRODUCT003,SUBCATEGORY001,Product 003,Product 003 MEDIUM,Product 003 LONG DESCRIPTION,26.37,15.30
PRODUCT004,SUBCATEGORY002,Product 004,Product 004 MEDIUM,Product 004 LONG DESCRIPTION,24.19,12.58
PRODUCT005,SUBCATEGORY002,Product 005,Product 005 MEDIUM,Product 005 LONG DESCRIPTION,22.29,6.02
PRODUCT006,SUBCATEGORY002,Product 006,Product 006 MEDIUM,Product 006 LONG DESCRIPTION,31.23,10.62
PRODUCT007,SUBCATEGORY003,Product 007,Product 007 MEDIUM,Product 007 LONG DESCRIPTION,13.34,3.07
PRODUCT008,SUBCATEGORY003,Product 008,Product 008 MEDIUM,Product 008 LONG DESCRIPTION,24.95,3.99
PRODUCT009,SUBCATEGORY003,Product 009,Product 009 MEDIUM,Product 009 LONG DESCRIPTION,15.69,12.40
PRODUCT010,SUBCATEGORY004,Product 010,Product 010 MEDIUM,Product 010 LONG DESCRIPTION,14.80,2.52
PRODUCT011,SUBCATEGORY004,Product 011,Product 011 MEDIUM,Product 011 LONG DESCRIPTION,22.76,8.42
PRODUCT012,SUBCATEGORY004,Product 012,Product 012 MEDIUM,Product 012 LONG DESCRIPTION,32.34,16.49
PRODUCT013,SUBCATEGORY005,Product 013,Product 013 MEDIUM,Product 013 LONG DESCRIPTION,17.68,4.07
PRODUCT014,SUBCATEGORY005,Product 014,Product 014 MEDIUM,Product 014 LONG DESCRIPTION,8.94,3.22
PRODUCT015,SUBCATEGORY005,Product 015,Product 015 MEDIUM,Product 015 LONG DESCRIPTION,32.83,9.85
PRODUCT016,SUBCATEGORY005,Product 016,Product 016 MEDIUM,Product 016 LONG DESCRIPTION,3.79,2.50
PRODUCT017,SUBCATEGORY006,Product 017,Product 017 MEDIUM,Product 017 LONG DESCRIPTION,2.28,1.82
PRODUCT018,SUBCATEGORY006,Product 018,Product 018 MEDIUM,Product 018 LONG DESCRIPTION,7.28,4.66
PRODUCT019,SUBCATEGORY006,Product 019,Product 019 MEDIUM,Product 019 LONG DESCRIPTION,8.33,7.00
PRODUCT020,SUBCATEGORY006,Product 020,Product 020 MEDIUM,Product 020 LONG DESCRIPTION,5.53,1.49
PRODUCT021,SUBCATEGORY007,Product 021,Product 021 MEDIUM,Product 021 LONG DESCRIPTION,6.89,5.79
PRODUCT022,SUBCATEGORY007,Product 022,Product 022 MEDIUM,Product 022 LONG DESCRIPTION,4.82,2.55
PRODUCT023,SUBCATEGORY007,Product 023,Product 023 MEDIUM,Product 023 LONG DESCRIPTION,8.66,3.55
PRODUCT024,SUBCATEGORY007,Product 024,Product 024 MEDIUM,Product 024 LONG DESCRIPTION,2.23,1.05
PRODUCT025,SUBCATEGORY008,Product 025,Product 025 MEDIUM,Product 025 LONG DESCRIPTION,3.15,2.61
PRODUCT026,SUBCATEGORY008,Product 026,Product 026 MEDIUM,Product 026 LONG DESCRIPTION,5.81,4.59
PRODUCT027,SUBCATEGORY008,Product 027,Product 027 MEDIUM,Product 027 LONG DESCRIPTION,4.61,3.55
PRODUCT028,SUBCATEGORY009,Product 028,Product 028 MEDIUM,Product 028 LONG DESCRIPTION,8.47,5.25
PRODUCT029,SUBCATEGORY009,Product 029,Product 029 MEDIUM,Product 029 LONG DESCRIPTION,7.69,1.31
PRODUCT030,SUBCATEGORY009,Product 030,Product 030 MEDIUM,Product 030 LONG DESCRIPTION,8.08,3.96
PRODUCT031,SUBCATEGORY010,Product 031,Product 031 MEDIUM,Product 031 LONG DESCRIPTION,6.34,2.47
PRODUCT032,SUBCATEGORY010,Product 032,Product 032 MEDIUM,Product 032 LONG DESCRIPTION,2.05,1.64
PRODUCT033,SUBCATEGORY010,Product 033,Product 033 MEDIUM,Product 033 LONG DESCRIPTION,8.03,2.73
