Sales_Person_ID,Sales_Person_Name,Sales_Manager
SALES001,Sales Person 01,SALES011
SALES002,Sales Person 02,SALES011
SALES003,Sales Person 03,SALES011
SALES004,Sales Person 04,SALES012
SALES005,Sales Person 05,SALES012
SALES006,Sales Person 06,SALES012
SALES007,Sales Person 07,SALES013
SALES008,Sales Person 08,SALES013
SALES009,Sales Person 09,SALES013
SALES010,Sales Person 10,SALES013
SALES011,Sales Manager 11,SALES014
SALES012,Sales Manager 12,SALES014
SALES013,Sales Manager 13,SALES014
SALES014,Sales Manager 14,
